Age,Sex,BP,Cholesterol,Na_to_K,Drug
59,M,LOW,HIGH,22.922,drugY
62,F,HIGH,NORMAL,38.555,drugY
68,F,LOW,HIGH,13.522,drugX
15,M,HIGH,NORMAL,20.861,drugA
18,M,NORMAL,HIGH,20.239,drugY
74,M,LOW,HIGH,25.943,drugX
18,F,HIGH,HIGH,29.249,drugB
54,M,HIGH,NORMAL,13.574,drugX
24,F,HIGH,HIGH,25.103,drugA
34,M,NORMAL,HIGH,37.293,drugY
36,M,LOW,NORMAL,13.968,drugX
65,M,HIGH,NORMAL,9.767,drugC
51,M,HIGH,NORMAL,15.494,drugY
38,M,HIGH,HIGH,24.793,drugY
21,F,LOW,NORMAL,21.384,drugC
39,F,NORMAL,HIGH,20.973,drugY
39,M,NORMAL,NORMAL,28.243,drugB
27,F,HIGH,NORMAL,37.161,drugB
73,M,HIGH,NORMAL,12.319,drugA
16,F,LOW,NORMAL,17.852,drugA
53,F,HIGH,HIGH,19.096,drugX
54,M,NORMAL,NORMAL,11.215,drugX
38,M,LOW,HIGH,36.277,drugB
61,F,LOW,HIGH,37.703,drugY
39,F,HIGH,NORMAL,39.973,drugC
32,F,NORMAL,NORMAL,14.065,drugB
52,M,LOW,NORMAL,8.44,drugA
40,M,LOW,HIGH,11.045,drugA
28,F,HIGH,HIGH,33.909,drugA
23,F,NORMAL,NORMAL,37.609,drugC
24,F,NORMAL,NORMAL,18.101,drugA
35,F,LOW,NORMAL,38.725,drugA
66,F,NORMAL,HIGH,33.096,drugX
31,F,HIGH,NORMAL,18.019,drugY
66,M,HIGH,NORMAL,34.932,drugY
20,M,LOW,HIGH,27.794,drugC
30,M,LOW,NORMAL,21.18,drugA
62,M,NORMAL,HIGH,21.365,drugX
15,M,HIGH,NORMAL,38.712,drugY
33,M,NORMAL,NORMAL,15.963,drugC
50,M,NORMAL,HIGH,28.77,drugX
39,M,LOW,NORMAL,33.343,drugA
64,F,HIGH,HIGH,19.103,drugC
66,F,HIGH,NORMAL,21.786,drugX
44,F,NORMAL,HIGH,27.837,drugY
34,F,HIGH,HIGH,25.985,drugB
34,F,HIGH,NORMAL,30.93,drugY
29,F,NORMAL,HIGH,35.092,drugB
54,F,LOW,NORMAL,24.419,drugC
47,M,LOW,NORMAL,38.62,drugX
16,F,LOW,NORMAL,15.559,drugX
24,M,NORMAL,NORMAL,8.27,drugX
72,F,HIGH,HIGH,19.068,drugA
47,M,NORMAL,NORMAL,38.779,drugY
46,F,NORMAL,NORMAL,31.974,drugB
25,M,LOW,NORMAL,12.694,drugA
67,M,HIGH,HIGH,39.31,drugC
38,F,LOW,HIGH,29.882,drugC
50,M,HIGH,NORMAL,33.174,drugA
26,M,HIGH,NORMAL,7.832,drugB
65,F,LOW,NORMAL,30.57,drugC
70,M,LOW,NORMAL,22.443,drugY
43,F,NORMAL,NORMAL,33.027,drugC
49,F,HIGH,HIGH,30.346,drugB
15,F,HIGH,HIGH,11.998,drugY
15,M,HIGH,NORMAL,37.236,drugA
51,M,HIGH,NORMAL,25.642,drugB
68,F,HIGH,HIGH,19.115,drugY
20,F,NORMAL,HIGH,13.742,drugY
53,M,HIGH,HIGH,32.64,drugY
55,F,NORMAL,NORMAL,39.004,drugB
67,F,LOW,HIGH,31.008,drugX
32,M,NORMAL,NORMAL,26.735,drugC
30,F,NORMAL,NORMAL,38.311,drugX
19,M,NORMAL,NORMAL,30.193,drugC
56,M,LOW,HIGH,21.52,drugB
57,F,HIGH,NORMAL,16.936,drugC
73,F,NORMAL,HIGH,12.416,drugB
46,M,LOW,HIGH,35.705,drugY
71,M,NORMAL,HIGH,30.578,drugA
16,M,NORMAL,HIGH,39.255,drugX
16,F,LOW,HIGH,8.557,drugX
54,F,NORMAL,NORMAL,16.701,drugB
56,M,NORMAL,HIGH,19.82,drugC
72,F,HIGH,NORMAL,38.726,drugC
50,F,LOW,NORMAL,26.087,drugA
53,M,NORMAL,NORMAL,29.123,drugY
70,M,LOW,NORMAL,15.209,drugC
26,F,LOW,NORMAL,14.755,drugC
61,F,HIGH,NORMAL,17.654,drugY
33,F,HIGH,HIGH,8.856,drugA
42,F,HIGH,NORMAL,37.944,drugC
15,M,NORMAL,HIGH,19.775,drugB
29,M,NORMAL,HIGH,12.817,drugY
50,M,NORMAL,HIGH,17.69,drugC
68,M,NORMAL,HIGH,12.657,drugA
27,F,NORMAL,HIGH,14.699,drugX
72,F,NORMAL,NORMAL,31.758,drugB
57,M,LOW,NORMAL,14.093,drugB
35,F,LOW,HIGH,29.761,drugB
26,F,HIGH,HIGH,26.174,drugB
19,M,NORMAL,HIGH,10.933,drugX
21,F,LOW,HIGH,31.966,drugX
19,F,HIGH,NORMAL,34.998,drugX
62,F,HIGH,HIGH,38.504,drugX
67,M,HIGH,HIGH,38.606,drugA
18,F,HIGH,HIGH,30.017,drugC
27,M,LOW,NORMAL,15.906,drugX
51,M,LOW,HIGH,7.289,drugX
67,F,LOW,NORMAL,19.268,drugA
55,M,HIGH,HIGH,30.926,drugY
29,M,HIGH,NORMAL,37.982,drugA
30,F,NORMAL,HIGH,9.86,drugY
35,F,NORMAL,NORMAL,24.436,drugB
50,F,HIGH,HIGH,22.142,drugA
73,F,LOW,HIGH,7.555,drugB
38,F,HIGH,NORMAL,28.123,drugY
30,M,NORMAL,NORMAL,35.668,drugA
28,M,NORMAL,HIGH,21.703,drugY
68,M,LOW,HIGH,23.791,drugY
36,F,HIGH,HIGH,12.045,drugB
63,M,NORMAL,NORMAL,10.118,drugY
64,M,LOW,NORMAL,26.871,drugC
20,F,NORMAL,NORMAL,30.358,drugX
56,M,LOW,NORMAL,15.775,drugA
50,F,NORMAL,HIGH,22.981,drugB
15,F,NORMAL,NORMAL,38.574,drugX
46,F,HIGH,NORMAL,7.133,drugB
20,F,LOW,HIGH,14.018,drugC
45,M,LOW,NORMAL,9.504,drugX
15,M,NORMAL,HIGH,33.948,drugA
64,M,HIGH,NORMAL,39.736,drugY
65,M,NORMAL,HIGH,11.431,drugY
51,M,NORMAL,HIGH,31.565,drugX
49,F,NORMAL,HIGH,15.771,drugB
63,M,LOW,HIGH,17.177,drugA
44,F,HIGH,HIGH,37.615,drugY
18,M,NORMAL,HIGH,30.226,drugX
49,M,NORMAL,NORMAL,33.611,drugX
57,M,NORMAL,HIGH,21.462,drugC
28,M,LOW,HIGH,17.127,drugA
63,M,NORMAL,NORMAL,10.702,drugA
54,F,LOW,NORMAL,27.263,drugB
36,F,LOW,NORMAL,29.114,drugB
24,M,LOW,NORMAL,37.634,drugX
15,M,LOW,NORMAL,10.255,drugC
25,F,LOW,HIGH,31.06,drugX
65,F,HIGH,NORMAL,24.582,drugB
58,M,LOW,HIGH,21.549,drugY
73,M,LOW,HIGH,31.599,drugC
38,M,NORMAL,NORMAL,26.647,drugA
74,M,HIGH,HIGH,9.494,drugY
17,F,HIGH,HIGH,20.251,drugY
72,F,NORMAL,NORMAL,39.853,drugA
49,F,LOW,HIGH,32.097,drugX
50,F,HIGH,NORMAL,31.928,drugC
45,F,LOW,NORMAL,37.355,drugY
74,F,NORMAL,NORMAL,30.799,drugX
18,M,HIGH,NORMAL,34.831,drugA
33,M,LOW,HIGH,19.637,drugX
61,F,HIGH,HIGH,19.605,drugY
50,F,HIGH,NORMAL,38.539,drugC
35,F,LOW,HIGH,31.755,drugC
32,F,LOW,NORMAL,22.025,drugA
65,M,HIGH,HIGH,22.646,drugX
42,M,NORMAL,HIGH,6.564,drugB
29,F,HIGH,NORMAL,13.811,drugC
56,F,NORMAL,NORMAL,22.024,drugB
73,M,HIGH,HIGH,15.989,drugX
16,F,LOW,HIGH,39.382,drugX
51,M,NORMAL,HIGH,9.928,drugB
25,M,NORMAL,HIGH,23.189,drugA
37,F,HIGH,NORMAL,6.337,drugB
58,F,HIGH,HIGH,15.266,drugY
55,M,NORMAL,HIGH,13.631,drugB
26,M,LOW,HIGH,26.573,drugB
17,F,NORMAL,NORMAL,36.165,drugA
66,M,NORMAL,NORMAL,25.259,drugY
31,F,LOW,HIGH,27.899,drugX
47,F,LOW,HIGH,15.517,drugY
69,M,HIGH,NORMAL,16.501,drugB
15,M,HIGH,HIGH,22.966,drugX
53,F,HIGH,HIGH,25.331,drugA
34,F,LOW,HIGH,24.575,drugX
61,M,NORMAL,NORMAL,14.842,drugA
57,F,LOW,HIGH,10.963,drugB
66,F,HIGH,HIGH,18.525,drugY
71,F,NORMAL,HIGH,32.66,drugY
55,M,HIGH,NORMAL,26.269,drugY
28,M,NORMAL,NORMAL,12.184,drugY
45,M,LOW,HIGH,13.929,drugY
39,F,HIGH,HIGH,36.743,drugC
17,M,LOW,HIGH,19.47,drugB
18,M,LOW,HIGH,35.026,drugY
45,F,LOW,HIGH,39.234,drugY
49,F,NORMAL,NORMAL,18.167,drugA
58,M,LOW,NORMAL,6.439,drugB
28,M,LOW,HIGH,30.745,drugA
63,M,NORMAL,NORMAL,22.505,drugY
55,M,LOW,HIGH,36.172,drugB
23,F,LOW,NORMAL,11.754,drugB
34,M,LOW,NORMAL,14.27,drugB
46,M,NORMAL,HIGH,22.036,drugX
23,F,NORMAL,NORMAL,10.616,drugC
41,F,HIGH,NORMAL,18.251,drugC
17,M,LOW,NORMAL,6.529,drugY
71,M,NORMAL,NORMAL,33.261,drugC
67,M,LOW,HIGH,9.424,drugB
18,M,NORMAL,NORMAL,26.259,drugX
59,M,NORMAL,HIGH,14.916,drugC
29,F,NORMAL,HIGH,7.021,drugC
47,F,HIGH,NORMAL,9.73,drugX
19,M,LOW,HIGH,29.773,drugA
18,F,NORMAL,HIGH,36.296,drugY
60,M,LOW,HIGH,7.859,drugB
26,F,NORMAL,HIGH,15.569,drugX
37,M,LOW,HIGH,19.547,drugA
28,M,LOW,NORMAL,39.275,drugY
72,F,NORMAL,HIGH,21.051,drugA
60,M,LOW,HIGH,34.045,drugY
26,M,HIGH,NORMAL,15.558,drugC
71,M,HIGH,NORMAL,21.918,drugX
31,M,LOW,NORMAL,34.079,drugY
39,M,LOW,NORMAL,32.136,drugX
44,M,NORMAL,NORMAL,14.111,drugX
36,F,NORMAL,HIGH,14.592,drugA
61,F,LOW,HIGH,24.648,drugB
40,M,LOW,HIGH,37.893,drugA
31,M,LOW,HIGH,10.078,drugA
72,F,LOW,HIGH,32.25,drugB
69,F,HIGH,HIGH,31.078,drugB
68,F,LOW,NORMAL,34.926,drugA
34,F,NORMAL,NORMAL,36.233,drugX
48,M,HIGH,NORMAL,36.036,drugC
55,M,LOW,HIGH,36.631,drugB
47,F,NORMAL,HIGH,39.344,drugC
51,F,HIGH,NORMAL,17.303,drugX
74,F,LOW,NORMAL,37.586,drugB
74,F,LOW,NORMAL,38.217,drugY
72,M,LOW,HIGH,28.038,drugY
21,F,LOW,NORMAL,28.596,drugA
36,F,HIGH,NORMAL,18.191,drugC
46,F,NORMAL,NORMAL,31.34,drugY
28,M,LOW,NORMAL,26.487,drugA
22,M,HIGH,HIGH,32.735,drugA
71,M,HIGH,NORMAL,11.219,drugA
39,F,NORMAL,NORMAL,33.696,drugX
30,M,HIGH,NORMAL,30.595,drugC
56,M,HIGH,NORMAL,24.562,drugB
33,F,NORMAL,NORMAL,14.83,drugA
55,M,HIGH,HIGH,9.321,drugB
69,F,HIGH,HIGH,22.484,drugY
30,M,NORMAL,HIGH,10.917,drugX
26,M,HIGH,NORMAL,31.9,drugB
53,F,NORMAL,NORMAL,37.435,drugA
62,F,LOW,NORMAL,33.891,drugX
44,M,LOW,NORMAL,17.236,drugA
72,M,LOW,HIGH,10.964,drugX
16,F,LOW,HIGH,6.269,drugB
46,M,HIGH,NORMAL,28.564,drugB
69,F,LOW,HIGH,12.379,drugY
59,F,NORMAL,NORMAL,30.363,drugC
39,F,NORMAL,HIGH,25.565,drugA
39,M,NORMAL,NORMAL,21.981,drugA
18,M,NORMAL,NORMAL,32.096,drugY
33,M,LOW,HIGH,39.356,drugX
62,M,NORMAL,HIGH,10.372,drugX
18,M,LOW,HIGH,24.718,drugB
57,F,NORMAL,HIGH,16.65,drugB
27,M,NORMAL,NORMAL,6.95,drugA
53,F,LOW,HIGH,6.998,drugC
50,F,LOW,NORMAL,25.639,drugA
37,M,HIGH,HIGH,8.819,drugX
20,F,HIGH,NORMAL,7.494,drugC
38,M,HIGH,NORMAL,11.878,drugC
58,F,NORMAL,HIGH,21.635,drugY
47,F,NORMAL,NORMAL,23.026,drugB
26,F,NORMAL,NORMAL,37.119,drugC
55,M,HIGH,HIGH,20.269,drugA
35,M,HIGH,NORMAL,9.664,drugX
25,M,HIGH,NORMAL,13.851,drugB
69,M,NORMAL,NORMAL,38.144,drugA
58,F,LOW,NORMAL,26.235,drugX
52,M,HIGH,NORMAL,18.082,drugA
43,M,LOW,HIGH,36.352,drugA
62,F,NORMAL,HIGH,16.22,drugB
55,F,HIGH,NORMAL,35.957,drugX
17,M,NORMAL,HIGH,10.119,drugA
42,F,LOW,HIGH,37.9,drugC
34,M,NORMAL,HIGH,37.881,drugB
40,F,NORMAL,NORMAL,17.739,drugY
38,M,HIGH,NORMAL,6.597,drugC
68,F,LOW,HIGH,18.003,drugX
66,M,HIGH,NORMAL,12.148,drugC
61,F,NORMAL,HIGH,15.046,drugA
35,M,NORMAL,HIGH,27.273,drugY
68,M,LOW,HIGH,21.065,drugB
44,M,NORMAL,HIGH,31.035,drugY
18,M,HIGH,NORMAL,27.659,drugC
50,M,LOW,HIGH,16.219,drugY
54,M,NORMAL,HIGH,17.012,drugX
24,F,HIGH,HIGH,33.137,drugA
24,M,HIGH,HIGH,24.094,drugA
56,F,LOW,NORMAL,10.331,drugX
38,M,NORMAL,NORMAL,25.949,drugA
18,F,HIGH,HIGH,10.691,drugB
61,M,LOW,NORMAL,35.536,drugA
41,F,HIGH,NORMAL,10.395,drugA
65,M,NORMAL,NORMAL,28.76,drugC
59,F,HIGH,NORMAL,36.492,drugY
18,M,NORMAL,NORMAL,9.336,drugA
46,F,HIGH,NORMAL,24.028,drugC
24,F,NORMAL,HIGH,38.575,drugX
25,F,HIGH,NORMAL,15.45,drugB
42,M,HIGH,NORMAL,15.556,drugX
60,F,LOW,HIGH,21.982,drugB
22,M,NORMAL,HIGH,38.222,drugC
54,M,HIGH,NORMAL,33.234,drugX
36,M,LOW,HIGH,15.22,drugC
48,M,HIGH,NORMAL,13.874,drugB
59,F,LOW,NORMAL,12.753,drugA
49,M,HIGH,HIGH,20.611,drugC
49,F,LOW,NORMAL,33.469,drugY
39,M,NORMAL,NORMAL,11.178,drugA
48,F,HIGH,HIGH,26.98,drugA
20,M,NORMAL,HIGH,22.058,drugY
55,M,NORMAL,NORMAL,27.975,drugX
51,F,LOW,HIGH,19.718,drugY
15,M,NORMAL,HIGH,31.834,drugA
26,M,LOW,NORMAL,16.914,drugX
49,M,LOW,NORMAL,30.554,drugX
20,M,LOW,NORMAL,38.628,drugB
68,M,LOW,NORMAL,25.694,drugY
31,M,LOW,NORMAL,27.575,drugA
23,M,HIGH,HIGH,23.843,drugC
16,M,HIGH,NORMAL,22.522,drugB
32,F,NORMAL,HIGH,11.731,drugC
63,M,HIGH,NORMAL,29.377,drugX
50,F,LOW,HIGH,26.61,drugA
71,M,LOW,HIGH,24.798,drugA
42,F,HIGH,HIGH,16.419,drugY
55,F,NORMAL,HIGH,19.413,drugA
67,F,NORMAL,NORMAL,20.729,drugA
51,M,HIGH,NORMAL,28.354,drugY
63,M,LOW,NORMAL,30.68,drugY
40,F,LOW,HIGH,16.64,drugA
18,M,NORMAL,HIGH,26.901,drugA
54,M,HIGH,HIGH,18.593,drugB
50,F,LOW,NORMAL,22.497,drugC
65,M,NORMAL,NORMAL,8.785,drugB
45,F,NORMAL,HIGH,25.675,drugB
44,F,HIGH,HIGH,36.479,drugX
64,M,NORMAL,HIGH,38.416,drugA
48,F,LOW,NORMAL,17.378,drugB
33,M,NORMAL,NORMAL,11.784,drugA
32,M,NORMAL,HIGH,39.206,drugB
44,M,NORMAL,HIGH,33.088,drugX
35,M,HIGH,NORMAL,15.968,drugA
17,F,LOW,NORMAL,6.153,drugC
20,M,NORMAL,HIGH,14.983,drugX
52,M,HIGH,NORMAL,38.468,drugY
27,M,NORMAL,HIGH,22.125,drugC
59,F,LOW,HIGH,16.007,drugB
68,F,NORMAL,NORMAL,17.641,drugA
17,M,HIGH,HIGH,13.793,drugA
62,M,NORMAL,NORMAL,25.22,drugC
42,M,NORMAL,NORMAL,13.384,drugY
36,M,NORMAL,NORMAL,29.66,drugA
54,M,HIGH,NORMAL,22.074,drugY
54,F,NORMAL,NORMAL,11.406,drugY
26,M,NORMAL,HIGH,39.606,drugX
37,F,HIGH,HIGH,19.523,drugC
45,F,HIGH,HIGH,19.241,drugC
32,M,LOW,HIGH,21.057,drugC
21,F,HIGH,NORMAL,13.397,drugB
22,M,NORMAL,NORMAL,38.736,drugC
33,F,NORMAL,HIGH,20.433,drugA
43,F,HIGH,NORMAL,25.93,drugA
58,M,LOW,HIGH,17.534,drugC
34,F,HIGH,NORMAL,22.339,drugA
64,M,LOW,HIGH,36.739,drugX
56,M,HIGH,NORMAL,11.699,drugB
44,M,LOW,HIGH,32.976,drugB
61,M,LOW,HIGH,21.713,drugY
36,M,NORMAL,HIGH,14.736,drugY
24,M,LOW,HIGH,29.34,drugB
40,F,NORMAL,NORMAL,14.307,drugC
65,F,HIGH,HIGH,11.215,drugC
47,M,HIGH,NORMAL,17.225,drugX
42,F,HIGH,NORMAL,15.958,drugB
24,F,HIGH,HIGH,30.833,drugA
43,M,HIGH,HIGH,32.044,drugA
58,F,NORMAL,NORMAL,9.598,drugY
32,M,HIGH,HIGH,32.108,drugB
56,M,LOW,NORMAL,14.723,drugY
73,F,NORMAL,HIGH,13.703,drugX
15,M,LOW,HIGH,29.996,drugY
37,M,NORMAL,NORMAL,35.708,drugX
31,M,LOW,NORMAL,26.646,drugB
57,M,NORMAL,NORMAL,37.93,drugX
51,F,HIGH,HIGH,28.624,drugY
45,M,NORMAL,NORMAL,35.058,drugB
39,F,NORMAL,HIGH,23.701,drugY
67,M,LOW,NORMAL,36.115,drugA
18,F,NORMAL,HIGH,9.915,drugC
66,F,NORMAL,NORMAL,19.138,drugX
23,M,HIGH,HIGH,15.84,drugX
71,F,LOW,NORMAL,11.074,drugC
42,M,NORMAL,HIGH,11.08,drugX
44,M,LOW,NORMAL,21.057,drugX
74,F,NORMAL,NORMAL,21.043,drugA
61,F,NORMAL,NORMAL,36.964,drugB
38,F,LOW,HIGH,37.997,drugX
47,F,HIGH,HIGH,6.649,drugA
34,M,NORMAL,NORMAL,14.811,drugX
23,F,NORMAL,HIGH,6.287,drugB
22,M,NORMAL,HIGH,35.968,drugA
38,F,LOW,HIGH,24.092,drugX
28,F,HIGH,NORMAL,11.479,drugA
73,M,NORMAL,NORMAL,34.236,drugC
32,F,NORMAL,NORMAL,8.439,drugX
71,M,NORMAL,NORMAL,35.023,drugY
67,F,LOW,HIGH,6.549,drugB
70,F,LOW,HIGH,21.466,drugX
15,M,LOW,NORMAL,18.035,drugX
26,M,LOW,NORMAL,28.066,drugY
43,M,HIGH,NORMAL,24.707,drugA
51,M,LOW,NORMAL,18.029,drugB
40,M,LOW,NORMAL,39.526,drugY
47,M,NORMAL,NORMAL,20.598,drugB
57,M,LOW,NORMAL,22.48,drugX
29,F,HIGH,NORMAL,27.38,drugB
37,M,HIGH,NORMAL,9.371,drugA
43,F,NORMAL,HIGH,35.968,drugC
35,F,HIGH,NORMAL,25.244,drugB
33,M,LOW,NORMAL,28.973,drugC
19,F,LOW,HIGH,37.37,drugA
37,F,HIGH,HIGH,27.84,drugY
50,M,HIGH,NORMAL,8.439,drugB
73,F,LOW,HIGH,8.842,drugB
34,M,NORMAL,HIGH,25.32,drugB
22,F,LOW,NORMAL,9.967,drugB
23,F,NORMAL,HIGH,7.458,drugC
28,M,NORMAL,HIGH,19.045,drugA
20,F,HIGH,NORMAL,39.256,drugC
15,F,NORMAL,NORMAL,24.69,drugX
23,M,LOW,NORMAL,36.084,drugX
30,M,LOW,HIGH,21.397,drugY
30,F,HIGH,HIGH,37.642,drugY
68,F,NORMAL,HIGH,7.017,drugB
26,M,LOW,HIGH,30.461,drugX
19,F,NORMAL,NORMAL,38.482,drugC
54,M,LOW,NORMAL,21.965,drugA
43,M,LOW,HIGH,14.631,drugX
60,F,LOW,HIGH,28.151,drugX
41,M,LOW,NORMAL,18.987,drugC
25,M,HIGH,HIGH,17.51,drugX
67,F,HIGH,HIGH,18.151,drugC
61,M,NORMAL,HIGH,19.997,drugC
64,F,NORMAL,HIGH,21.33,drugC
42,F,HIGH,NORMAL,11.668,drugC
66,F,LOW,HIGH,28.993,drugX
50,M,NORMAL,HIGH,34.567,drugX
56,F,NORMAL,NORMAL,30.966,drugA
33,F,HIGH,NORMAL,20.266,drugY
68,F,NORMAL,HIGH,11.649,drugA
49,F,HIGH,HIGH,30.202,drugC
66,M,LOW,NORMAL,7.79,drugB
45,M,NORMAL,HIGH,23.066,drugA
68,F,LOW,NORMAL,38.293,drugB
73,M,LOW,HIGH,17.951,drugB
58,M,HIGH,HIGH,30.945,drugX
70,M,LOW,NORMAL,37.78,drugC
33,F,HIGH,HIGH,9.95,drugY
60,M,HIGH,NORMAL,26.711,drugY
38,M,NORMAL,HIGH,25.147,drugY
16,M,LOW,HIGH,22.782,drugY
21,M,HIGH,NORMAL,23.376,drugY
57,M,NORMAL,NORMAL,19.559,drugB
68,F,HIGH,HIGH,10.614,drugB
63,M,LOW,NORMAL,13.144,drugB
45,M,LOW,HIGH,7.917,drugC
74,F,NORMAL,HIGH,34.258,drugA
31,F,NORMAL,HIGH,6.517,drugX
41,F,NORMAL,NORMAL,13.724,drugB
50,F,NORMAL,HIGH,34.644,drugC
73,M,NORMAL,NORMAL,37.145,drugC
64,M,LOW,HIGH,16.998,drugX
57,M,NORMAL,NORMAL,29.214,drugY
24,M,NORMAL,NORMAL,6.901,drugC
59,M,NORMAL,NORMAL,37.915,drugA
28,F,NORMAL,HIGH,13.2,drugA
72,M,LOW,NORMAL,11.103,drugA
21,F,LOW,NORMAL,9.119,drugC
53,F,HIGH,HIGH,28.742,drugC
54,F,NORMAL,NORMAL,17.296,drugC
23,M,NORMAL,NORMAL,23.914,drugC
28,M,LOW,HIGH,39.413,drugA
71,F,LOW,NORMAL,10.253,drugX
22,F,LOW,NORMAL,25.355,drugX
31,F,NORMAL,HIGH,15.907,drugC
71,F,HIGH,HIGH,25.061,drugA
37,F,HIGH,NORMAL,35.57,drugX
71,F,LOW,HIGH,28.896,drugA
30,M,LOW,HIGH,37.993,drugC
40,F,LOW,HIGH,31.273,drugC
23,F,LOW,HIGH,23.35,drugB
50,F,HIGH,HIGH,10.717,drugC
21,F,HIGH,HIGH,9.528,drugA
32,F,LOW,NORMAL,16.867,drugC
22,M,HIGH,HIGH,18.093,drugY
35,F,LOW,HIGH,33.905,drugB
40,M,HIGH,NORMAL,23.122,drugC
17,F,NORMAL,HIGH,23.708,drugC
31,F,NORMAL,NORMAL,39.904,drugB
71,M,HIGH,NORMAL,27.555,drugY
65,F,LOW,NORMAL,25.827,drugB
60,M,HIGH,NORMAL,34.161,drugA
38,M,LOW,NORMAL,11.17,drugA
39,M,LOW,HIGH,35.268,drugY
19,M,LOW,NORMAL,15.034,drugC
51,M,LOW,NORMAL,15.918,drugB
59,M,HIGH,HIGH,29.023,drugX
64,F,HIGH,HIGH,10.119,drugY
38,M,NORMAL,NORMAL,12.101,drugB
45,F,LOW,HIGH,38.984,drugB
69,F,NORMAL,HIGH,27.312,drugY
40,M,HIGH,NORMAL,14.635,drugX
35,M,HIGH,NORMAL,36.591,drugA
48,M,LOW,HIGH,17.885,drugA
52,F,HIGH,HIGH,11.261,drugC
72,M,LOW,HIGH,39.331,drugC
38,M,NORMAL,NORMAL,9.939,drugA
42,F,LOW,NORMAL,25.482,drugX
44,M,HIGH,HIGH,31.503,drugY
48,F,HIGH,HIGH,37.667,drugB
66,M,HIGH,HIGH,9.741,drugC
68,F,NORMAL,NORMAL,23.945,drugA
70,M,LOW,NORMAL,10.506,drugB
66,F,NORMAL,NORMAL,32.25,drugY
37,M,HIGH,NORMAL,12.946,drugY
69,M,LOW,HIGH,13.708,drugC
22,F,NORMAL,HIGH,39.947,drugC
56,M,LOW,NORMAL,34.736,drugX
64,M,HIGH,NORMAL,28.118,drugY
24,F,NORMAL,HIGH,27.778,drugA
69,F,LOW,HIGH,26.334,drugY
15,M,LOW,HIGH,38.372,drugY
34,F,HIGH,NORMAL,35.197,drugX
71,M,HIGH,HIGH,26.765,drugY
51,M,HIGH,HIGH,10.645,drugA
32,F,NORMAL,HIGH,18.538,drugX
35,F,NORMAL,HIGH,38.693,drugY
68,M,LOW,HIGH,10.132,drugC
63,F,LOW,NORMAL,9.372,drugB
18,M,NORMAL,NORMAL,7.053,drugY
57,F,LOW,NORMAL,27.164,drugA
16,M,NORMAL,NORMAL,16.716,drugA
35,M,LOW,NORMAL,36.693,drugC
51,M,NORMAL,HIGH,39.019,drugY
19,M,LOW,HIGH,14.998,drugY
31,M,LOW,HIGH,35.459,drugY
63,M,NORMAL,HIGH,18.399,drugA
62,M,HIGH,NORMAL,14.623,drugX
25,F,NORMAL,NORMAL,26.294,drugX
60,F,NORMAL,NORMAL,37.031,drugC
55,F,HIGH,NORMAL,10.594,drugA
45,M,LOW,NORMAL,14.525,drugB
42,F,HIGH,HIGH,7.26,drugC
58,F,HIGH,HIGH,16.276,drugX
46,F,HIGH,HIGH,30.215,drugB
35,F,LOW,NORMAL,9.493,drugC
21,M,NORMAL,HIGH,16.172,drugC
24,M,HIGH,HIGH,24.801,drugA
42,F,LOW,NORMAL,32.898,drugY
62,M,LOW,NORMAL,39.633,drugX
50,M,NORMAL,HIGH,20.49,drugX
34,M,NORMAL,NORMAL,23.741,drugY
27,M,HIGH,HIGH,35.679,drugB
33,M,LOW,NORMAL,21.932,drugB
64,F,NORMAL,NORMAL,13.271,drugB
25,M,HIGH,NORMAL,36.242,drugY
49,F,LOW,HIGH,30.798,drugA
48,M,LOW,NORMAL,18.816,drugA
58,F,NORMAL,HIGH,22.579,drugC
18,F,LOW,HIGH,12.862,drugX
27,M,LOW,NORMAL,7.545,drugY
51,F,NORMAL,HIGH,16.992,drugA
73,M,LOW,HIGH,27.559,drugX
16,F,LOW,NORMAL,15.612,drugB
64,F,HIGH,NORMAL,39.499,drugY
15,M,LOW,NORMAL,9.445,drugX
54,F,NORMAL,NORMAL,27.932,drugA
39,M,LOW,NORMAL,24.571,drugB
73,F,NORMAL,HIGH,6.109,drugC
51,M,NORMAL,NORMAL,34.573,drugC
50,F,LOW,HIGH,19.854,drugC
20,F,NORMAL,HIGH,23.484,drugA
21,M,HIGH,HIGH,30.663,drugY
18,M,NORMAL,HIGH,30.595,drugX
49,F,HIGH,HIGH,33.107,drugA
72,M,NORMAL,NORMAL,9.888,drugX
55,F,LOW,HIGH,38.823,drugA
48,F,NORMAL,HIGH,35.586,drugB
43,F,NORMAL,NORMAL,36.094,drugA
19,M,NORMAL,HIGH,28.139,drugC
41,M,HIGH,NORMAL,15.839,drugY
47,M,HIGH,NORMAL,29.938,drugX
71,F,HIGH,NORMAL,32.29,drugB
60,F,HIGH,NORMAL,13.794,drugC
66,F,HIGH,HIGH,35.08,drugB
24,M,LOW,HIGH,22.681,drugX
68,F,NORMAL,HIGH,13.916,drugA
20,M,NORMAL,NORMAL,38.858,drugY
48,M,LOW,HIGH,37.368,drugC
22,M,LOW,NORMAL,30.362,drugY
45,M,LOW,HIGH,24.374,drugX
23,M,LOW,HIGH,18.481,drugB
69,F,HIGH,HIGH,35.997,drugY
35,F,NORMAL,NORMAL,32.298,drugB
22,F,LOW,HIGH,32.086,drugY
18,F,LOW,HIGH,23.233,drugX
36,M,NORMAL,HIGH,7.392,drugB
42,M,LOW,NORMAL,24.979,drugY
59,M,HIGH,HIGH,34.83,drugY
18,F,HIGH,HIGH,23.247,drugX
53,F,HIGH,NORMAL,31.225,drugB
35,M,LOW,HIGH,22.074,drugY
22,F,NORMAL,NORMAL,25.03,drugC
34,F,LOW,NORMAL,7.569,drugX
46,F,NORMAL,NORMAL,16.553,drugY
15,M,HIGH,HIGH,36.538,drugX
20,F,HIGH,NORMAL,16.498,drugA
42,M,NORMAL,NORMAL,21.421,drugY
58,F,LOW,NORMAL,25.369,drugC
45,M,LOW,NORMAL,32.026,drugA
24,F,LOW,NORMAL,14.436,drugX
34,F,HIGH,HIGH,8.471,drugB
22,M,LOW,NORMAL,35.231,drugB
36,M,NORMAL,HIGH,30.282,drugX
52,M,LOW,NORMAL,32.227,drugB
43,F,LOW,NORMAL,11.808,drugB
23,M,NORMAL,NORMAL,22.063,drugC
58,F,NORMAL,NORMAL,21.503,drugA
61,M,HIGH,NORMAL,23.115,drugY
15,F,HIGH,NORMAL,37.222,drugA
55,F,LOW,NORMAL,39.717,drugX
66,F,LOW,HIGH,7.076,drugC
53,M,HIGH,HIGH,12.267,drugX
40,F,LOW,HIGH,34.579,drugA
25,M,LOW,NORMAL,8.977,drugC
66,F,NORMAL,NORMAL,39.167,drugC
49,F,LOW,NORMAL,29.95,drugA
74,F,NORMAL,NORMAL,6.387,drugY
38,F,HIGH,NORMAL,29.732,drugA
47,M,LOW,NORMAL,16.493,drugC
34,F,NORMAL,HIGH,23.049,drugC
41,F,NORMAL,NORMAL,10.75,drugY
29,M,NORMAL,HIGH,26.519,drugY
47,F,NORMAL,HIGH,13.256,drugX
66,M,LOW,HIGH,15.616,drugX
21,M,HIGH,NORMAL,29.666,drugC
48,F,NORMAL,NORMAL,12.76,drugX
59,F,HIGH,NORMAL,15.819,drugY
74,M,NORMAL,HIGH,8.954,drugX
72,M,NORMAL,HIGH,26.413,drugX
65,M,NORMAL,NORMAL,14.156,drugC
60,M,HIGH,NORMAL,35.973,drugA
56,M,HIGH,HIGH,26.106,drugA
19,M,HIGH,HIGH,13.54,drugB
72,M,LOW,HIGH,6.248,drugB
44,M,HIGH,HIGH,9.969,drugC
42,F,LOW,HIGH,13.838,drugC
32,M,LOW,HIGH,24.785,drugA
50,F,HIGH,NORMAL,12.564,drugC
17,F,NORMAL,HIGH,29.212,drugY
35,M,NORMAL,HIGH,9.018,drugC
60,M,LOW,NORMAL,19.591,drugX
72,F,NORMAL,HIGH,14.044,drugC
30,F,NORMAL,NORMAL,33.297,drugA
70,M,LOW,HIGH,10.35,drugY
51,M,HIGH,NORMAL,10.1,drugB
56,M,LOW,HIGH,32.572,drugY
19,M,HIGH,HIGH,17.961,drugY
64,F,HIGH,HIGH,32.766,drugX
65,F,LOW,HIGH,28.6,drugY
28,F,NORMAL,NORMAL,8.999,drugC
45,F,HIGH,NORMAL,39.016,drugA
60,F,LOW,NORMAL,37.636,drugY
38,F,LOW,NORMAL,33.263,drugY
49,F,LOW,NORMAL,34.505,drugC
50,M,HIGH,NORMAL,27.098,drugY
24,M,NORMAL,HIGH,37.282,drugB
41,M,NORMAL,HIGH,20.137,drugY
70,M,LOW,HIGH,36.376,drugY
41,F,HIGH,HIGH,21.581,drugY
69,F,NORMAL,HIGH,32.581,drugB
37,M,LOW,NORMAL,22.17,drugB
27,F,NORMAL,HIGH,29.705,drugB
30,F,NORMAL,HIGH,20.71,drugB
49,F,HIGH,HIGH,18.961,drugY
41,F,LOW,NORMAL,28.169,drugC
66,M,NORMAL,NORMAL,32.58,drugA
53,M,NORMAL,NORMAL,8.769,drugA
61,M,HIGH,NORMAL,14.979,drugY
31,M,HIGH,HIGH,26.014,drugX
62,F,NORMAL,NORMAL,15.992,drugA
73,M,HIGH,HIGH,25.755,drugB
55,F,HIGH,NORMAL,39.775,drugX
15,M,LOW,NORMAL,36.093,drugC
25,F,LOW,HIGH,25.641,drugX
26,M,NORMAL,NORMAL,8.322,drugC
28,F,NORMAL,HIGH,33.977,drugX
22,F,NORMAL,HIGH,38.356,drugA
45,F,HIGH,NORMAL,10.345,drugB
21,F,LOW,HIGH,27.046,drugC
60,F,NORMAL,HIGH,11.04,drugC
68,F,LOW,HIGH,9.785,drugX
45,F,HIGH,NORMAL,18.476,drugB
30,F,LOW,NORMAL,14.601,drugY
56,F,HIGH,NORMAL,31.024,drugC
53,M,NORMAL,NORMAL,13.691,drugB
68,M,HIGH,NORMAL,34.775,drugY
58,M,HIGH,HIGH,14.179,drugC
33,M,HIGH,HIGH,28.42,drugB
22,M,HIGH,HIGH,11.942,drugC
43,F,NORMAL,HIGH,25.783,drugA
16,M,LOW,HIGH,23.129,drugB
56,M,NORMAL,HIGH,25.427,drugX
17,F,NORMAL,NORMAL,19.088,drugX
65,M,HIGH,NORMAL,37.63,drugY
43,M,NORMAL,HIGH,16.557,drugA
29,F,HIGH,NORMAL,36.876,drugY
52,M,LOW,NORMAL,31.401,drugX
42,M,HIGH,HIGH,18.457,drugB
69,F,LOW,NORMAL,21.592,drugA
51,F,NORMAL,NORMAL,35.675,drugC
46,F,HIGH,NORMAL,12.136,drugC
44,F,LOW,NORMAL,11.245,drugB
65,M,NORMAL,HIGH,25.291,drugX
61,M,LOW,HIGH,39.377,drugY
44,M,HIGH,HIGH,22.996,drugX
65,F,LOW,NORMAL,26.917,drugB
48,M,LOW,NORMAL,27.278,drugX
27,F,LOW,HIGH,29.459,drugY
47,M,NORMAL,HIGH,28.909,drugY
56,F,LOW,HIGH,35.76,drugA
31,M,LOW,HIGH,20.722,drugA
17,M,LOW,NORMAL,38.198,drugA
23,F,LOW,HIGH,32.46,drugX
66,F,HIGH,NORMAL,15.324,drugC
25,F,HIGH,HIGH,15.838,drugX
63,M,NORMAL,HIGH,19.552,drugY
41,M,LOW,NORMAL,39.009,drugA
42,F,NORMAL,NORMAL,6.796,drugB
71,F,LOW,HIGH,8.73,drugC
71,F,HIGH,HIGH,20.788,drugX
16,F,LOW,NORMAL,26.287,drugC
15,M,NORMAL,NORMAL,37.965,drugB
20,F,LOW,HIGH,33.011,drugA
39,F,HIGH,NORMAL,7.298,drugA
49,M,NORMAL,HIGH,9.303,drugY
30,M,LOW,NORMAL,11.248,drugX
18,F,HIGH,HIGH,33.084,drugY
61,M,LOW,HIGH,17.246,drugC
52,F,HIGH,NORMAL,33.164,drugB
58,M,NORMAL,HIGH,6.16,drugB
34,M,NORMAL,NORMAL,25.064,drugY
39,F,LOW,HIGH,27.401,drugY
21,M,HIGH,HIGH,23.56,drugC
35,F,NORMAL,HIGH,33.931,drugA
21,F,LOW,HIGH,18.78,drugB
43,M,LOW,HIGH,26.67,drugY
66,M,LOW,HIGH,9.913,drugB
21,F,HIGH,HIGH,32.061,drugA
17,M,LOW,HIGH,10.309,drugB
43,M,HIGH,HIGH,31.732,drugA
43,M,LOW,HIGH,16.784,drugA
53,F,HIGH,NORMAL,6.498,drugX
52,M,LOW,NORMAL,21.267,drugC
74,M,LOW,HIGH,30.33,drugB
20,F,HIGH,HIGH,36.64,drugA
60,M,NORMAL,NORMAL,31.926,drugB
24,F,NORMAL,HIGH,24.677,drugY
51,F,NORMAL,HIGH,18.134,drugC
69,F,HIGH,HIGH,24.982,drugC
28,F,NORMAL,HIGH,36.091,drugY
36,M,LOW,HIGH,35.321,drugY
74,F,HIGH,HIGH,6.329,drugB
46,F,NORMAL,NORMAL,28.9,drugX
32,F,LOW,NORMAL,11.206,drugB
50,M,LOW,NORMAL,33.328,drugB
60,F,HIGH,HIGH,34.73,drugA
66,F,NORMAL,HIGH,35.359,drugB
73,F,LOW,HIGH,15.88,drugC
23,F,NORMAL,HIGH,28.083,drugX
40,F,LOW,HIGH,9.281,drugY
36,F,LOW,HIGH,39.131,drugC
60,F,HIGH,NORMAL,19.92,drugY
52,F,NORMAL,NORMAL,24.531,drugA
37,F,LOW,NORMAL,23.131,drugB
31,F,NORMAL,HIGH,27.623,drugA
40,F,NORMAL,NORMAL,8.657,drugY
61,F,NORMAL,NORMAL,9.058,drugB
70,M,HIGH,NORMAL,8.643,drugB
52,M,LOW,NORMAL,12.258,drugA
16,F,NORMAL,NORMAL,19.692,drugY
20,M,HIGH,NORMAL,19.49,drugX
21,M,NORMAL,HIGH,16.587,drugA
27,M,HIGH,HIGH,32.12,drugC
41,F,NORMAL,HIGH,34.712,drugC
25,M,NORMAL,NORMAL,9.172,drugC
74,M,NORMAL,HIGH,10.377,drugY
69,F,HIGH,NORMAL,6.622,drugC
29,M,HIGH,NORMAL,10.625,drugC
23,M,LOW,HIGH,18.366,drugB
22,M,LOW,HIGH,26.74,drugB
60,M,HIGH,NORMAL,22.306,drugB
20,F,LOW,NORMAL,39.062,drugY
62,M,HIGH,NORMAL,6.351,drugC
74,F,HIGH,HIGH,29.044,drugA
57,M,HIGH,NORMAL,12.055,drugC
18,M,LOW,NORMAL,20.548,drugB
25,M,NORMAL,NORMAL,30.813,drugC
65,M,LOW,NORMAL,7.962,drugB
72,M,NORMAL,NORMAL,8.805,drugC
42,F,LOW,NORMAL,31.988,drugY
40,F,NORMAL,HIGH,19.824,drugX
18,F,NORMAL,NORMAL,36.08,drugX
29,M,HIGH,NORMAL,21.78,drugC
33,F,LOW,HIGH,29.366,drugA
20,M,NORMAL,HIGH,30.842,drugC
73,F,LOW,HIGH,23.082,drugC
19,F,HIGH,NORMAL,35.712,drugX
32,F,HIGH,HIGH,26.707,drugC
20,M,NORMAL,HIGH,11.578,drugC
45,F,HIGH,HIGH,21.693,drugB
39,M,LOW,NORMAL,7.758,drugC
18,F,HIGH,NORMAL,39.795,drugB
20,M,HIGH,NORMAL,7.945,drugY
55,M,HIGH,NORMAL,15.372,drugA
51,M,HIGH,HIGH,28.922,drugC
73,M,LOW,HIGH,14.7,drugB
64,M,LOW,HIGH,34.257,drugB
70,M,NORMAL,NORMAL,15.684,drugC
39,M,HIGH,HIGH,25.915,drugX
48,M,NORMAL,NORMAL,33.623,drugX
33,M,NORMAL,HIGH,33.686,drugC
48,M,LOW,NORMAL,36.404,drugC
29,F,HIGH,NORMAL,39.016,drugX
64,M,HIGH,NORMAL,31.028,drugC
22,F,LOW,HIGH,26.04,drugC
68,F,LOW,HIGH,33.329,drugX
58,M,LOW,NORMAL,13.944,drugB
61,F,HIGH,NORMAL,19.327,drugY
63,M,NORMAL,HIGH,36.955,drugC
67,M,NORMAL,HIGH,39.645,drugX
48,F,HIGH,NORMAL,38.867,drugC
32,M,NORMAL,NORMAL,18.534,drugC
44,F,HIGH,NORMAL,11.947,drugB
27,F,HIGH,NORMAL,15.721,drugY
69,F,LOW,HIGH,7.753,drugC
61,F,HIGH,NORMAL,6.266,drugY
69,M,LOW,NORMAL,7.209,drugX
47,M,LOW,NORMAL,28.831,drugX
49,M,NORMAL,HIGH,10.925,drugA
66,F,LOW,HIGH,22.21,drugB
38,M,NORMAL,NORMAL,20.315,drugX
40,F,HIGH,NORMAL,37.181,drugC
61,F,NORMAL,NORMAL,37.883,drugC
65,F,NORMAL,HIGH,34.095,drugX
58,F,NORMAL,HIGH,32.585,drugA
67,F,HIGH,NORMAL,34.478,drugB
56,F,HIGH,HIGH,37.624,drugA
61,M,LOW,NORMAL,25.251,drugY
15,M,HIGH,HIGH,21.219,drugB
27,M,LOW,NORMAL,34.44,drugB
69,F,HIGH,NORMAL,20.749,drugC
24,F,NORMAL,NORMAL,15.709,drugB
33,M,LOW,HIGH,22.736,drugB
19,M,HIGH,NORMAL,18.285,drugC
22,M,HIGH,NORMAL,25.698,drugB
18,F,HIGH,NORMAL,23.037,drugA
63,M,NORMAL,HIGH,24.141,drugB
27,M,LOW,NORMAL,7.411,drugX
52,F,LOW,HIGH,14.098,drugB
67,F,LOW,NORMAL,17.251,drugB
60,M,HIGH,NORMAL,9.474,drugY
63,M,LOW,HIGH,26.349,drugY
60,F,LOW,HIGH,11.748,drugA
33,F,HIGH,NORMAL,10.929,drugY
66,F,HIGH,NORMAL,22.573,drugA
64,F,HIGH,NORMAL,20.857,drugY
22,M,HIGH,HIGH,27.661,drugY
41,M,NORMAL,HIGH,38.981,drugC
64,M,NORMAL,HIGH,7.377,drugA
61,M,LOW,NORMAL,22.724,drugB
44,M,NORMAL,HIGH,33.712,drugY
18,F,HIGH,HIGH,17.834,drugA
25,F,NORMAL,NORMAL,19.879,drugB
35,M,HIGH,NORMAL,9.823,drugY
57,F,NORMAL,HIGH,23.955,drugX
16,M,HIGH,NORMAL,7.731,drugB
70,M,LOW,HIGH,16.273,drugY
35,M,LOW,NORMAL,28.693,drugY
31,M,NORMAL,HIGH,31.495,drugB
57,F,HIGH,HIGH,15.107,drugA
65,M,LOW,HIGH,24.367,drugC
43,M,HIGH,HIGH,23.803,drugY
41,M,NORMAL,NORMAL,30.86,drugA
38,F,HIGH,NORMAL,19.246,drugX
67,M,HIGH,NORMAL,17.114,drugB
63,F,NORMAL,NORMAL,10.064,drugA
17,F,LOW,NORMAL,20.99,drugA
53,M,NORMAL,HIGH,16.895,drugA
24,F,HIGH,HIGH,12.662,drugC
17,F,NORMAL,NORMAL,11.541,drugC
67,M,NORMAL,HIGH,17.214,drugX
59,M,HIGH,NORMAL,32.912,drugY
56,F,NORMAL,NORMAL,32.678,drugC
40,M,LOW,NORMAL,39.273,drugC
68,F,LOW,HIGH,20.269,drugC
51,M,NORMAL,NORMAL,36.164,drugC
41,M,HIGH,NORMAL,37.745,drugX
19,M,NORMAL,NORMAL,18.32,drugA
56,F,NORMAL,NORMAL,22.607,drugB
25,F,LOW,NORMAL,17.543,drugB
27,F,LOW,NORMAL,9.652,drugA
55,M,HIGH,HIGH,19.672,drugY
48,F,HIGH,NORMAL,38.755,drugX
52,M,HIGH,NORMAL,33.959,drugX
54,M,NORMAL,HIGH,31.902,drugC
47,F,NORMAL,NORMAL,9.431,drugA
73,M,NORMAL,NORMAL,6.367,drugC
48,F,NORMAL,HIGH,10.759,drugB
41,M,HIGH,NORMAL,19.222,drugB
50,F,HIGH,NORMAL,37.317,drugA
40,M,HIGH,NORMAL,10.534,drugB
65,M,NORMAL,NORMAL,25.464,drugX
39,F,NORMAL,NORMAL,24.217,drugC
33,F,HIGH,HIGH,11.469,drugX
35,M,LOW,HIGH,32.951,drugA
45,F,HIGH,HIGH,7.185,drugA
43,M,NORMAL,NORMAL,8.677,drugB
23,M,NORMAL,NORMAL,34.758,drugY
33,M,HIGH,NORMAL,17.767,drugY
40,M,LOW,HIGH,39.459,drugA
39,M,LOW,NORMAL,14.037,drugX
54,F,NORMAL,HIGH,36.616,drugC
57,F,NORMAL,NORMAL,25.51,drugY
74,F,NORMAL,NORMAL,19.375,drugY
43,M,HIGH,NORMAL,32.158,drugX
39,F,NORMAL,NORMAL,34.555,drugA
33,F,NORMAL,HIGH,16.629,drugB
18,F,NORMAL,NORMAL,22.214,drugX
59,M,LOW,NORMAL,28.973,drugA
34,F,LOW,NORMAL,29.735,drugC
60,F,NORMAL,NORMAL,16.212,drugA
69,F,LOW,NORMAL,9.152,drugB
15,M,LOW,NORMAL,19.298,drugA
25,F,LOW,NORMAL,17.72,drugA
18,M,LOW,HIGH,9.047,drugX
21,M,HIGH,HIGH,19.368,drugB
42,F,LOW,HIGH,25.419,drugB
50,M,LOW,HIGH,39.875,drugY
72,F,LOW,HIGH,31.738,drugY
21,M,LOW,NORMAL,17.24,drugC
34,F,HIGH,HIGH,20.137,drugC
49,F,HIGH,NORMAL,10.017,drugB
65,M,NORMAL,NORMAL,33.359,drugA
65,F,LOW,HIGH,25.238,drugY
53,M,LOW,HIGH,22.089,drugC
35,F,NORMAL,HIGH,21.46,drugB
58,M,HIGH,NORMAL,13.907,drugA
69,M,NORMAL,NORMAL,15.311,drugX
15,M,HIGH,HIGH,17.001,drugA
51,M,NORMAL,NORMAL,6.061,drugY
60,M,NORMAL,NORMAL,24.41,drugA
56,F,LOW,NORMAL,39.657,drugY
17,F,NORMAL,NORMAL,17.159,drugX
48,M,HIGH,HIGH,22.241,drugA
27,F,HIGH,HIGH,35.914,drugX
30,F,NORMAL,HIGH,24.174,drugY
69,M,HIGH,NORMAL,26.238,drugY
48,M,NORMAL,NORMAL,18.177,drugY
38,M,LOW,NORMAL,22.164,drugB
27,M,LOW,NORMAL,23.636,drugY
20,F,LOW,NORMAL,31.922,drugC
53,F,LOW,HIGH,35.681,drugA
16,M,NORMAL,HIGH,28.564,drugB
25,F,HIGH,HIGH,21.295,drugX
21,F,NORMAL,NORMAL,34.723,drugX
21,M,HIGH,NORMAL,13.582,drugC
53,F,NORMAL,HIGH,17.945,drugA
53,F,HIGH,NORMAL,15.803,drugC
26,M,HIGH,NORMAL,20.516,drugA
65,F,NORMAL,NORMAL,31.312,drugX
36,F,LOW,NORMAL,11.701,drugC
65,F,NORMAL,NORMAL,36.086,drugX
65,M,LOW,NORMAL,25.019,drugA
